﻿Designator,Footprint,Quantity,Value,LCSC Part #
C1,0603,1,C,
"C2, C3, C4, C5",0603,4,1u,
D1,D_SOD-123,1,D,
"D2, D3, D4, D5, D6",0201,5,LED,
J1,USB_C_Receptacle_G-Switch_GT-USB-7010ASV,1,USB_C_Receptacle_USB2.0_16P,
J2,JST_EH_B2B-EH-A_1x02_P2.50mm_Vertical,1,Conn_01x02_Pin,
J3,JST_EH_B5B-EH-A_1x05_P2.50mm_Vertical,1,Conn_01x05_Pin,
J4,JST_EH_B4B-EH-A_1x04_P2.50mm_Vertical,1,Conn_01x04_Pin,
Q1,SOT-23,1,AO3401A,
"R1, R2",1206,2,5.1k,
"R10, R11, R12, R13, R3, R8, R9",1206,7,10k,
R4,1206,1,100k,
R5,1206,1,0,
R6,1206,1,600,
R7,1206,1,27.4k,
SW1,SW_PUSH_6mm,1,SW_Push,
U1,E73-2G4M08S1C,1,E73-2G4M08S1C,
U2,IC_BQ25172DSGR,1,BQ25172DSGR,
U3,Texas_X2SON-4_1x1mm_P0.65mm,1,TPS7A20xxxDQN,
